{"_runtime": 262.609370470047, "_step": 100, "_timestamp": 1586374980.5165045, "loss": 0.08801422851241153, "epoch": 99, "visualization": {"_type": "plotly-file", "path": "media/plotly/visualization_100_1d1c9b74.plotly.json", "sha256": "1d1c9b74f607634cdffb0e7eb41cda9ffc7080814228045d92b1a830448cd276", "size": 223486}}
