{"_step": 500, "_timestamp": 1586355719.1833918, "epoch": 499, "_runtime": 1295.124154806137, "loss": 0.08837475951599039, "predict plot": {"_type": "plotly-file", "path": "media/plotly/predict plot_500_29bed724.plotly.json", "sha256": "29bed724dbab1a3d9a272f821b5d77d7123adf5838519e430c7dd07848f70ed0", "size": 116153}}
