{"_step": 99, "_runtime": 263.11457872390747, "_timestamp": 1586384749.2376935, "loss": 0.08463663591638855, "epoch": 99}
