{"_step": 999, "epoch": 999, "_timestamp": 1586330388.940384, "_runtime": 2555.845043897629, "loss": 0.08528901312662207}
