{"_timestamp": 1586387251.9162538, "_step": 100, "loss": 0.09009492786034294, "_runtime": 263.9968147277832, "epoch": 99, "visualization": {"_type": "plotly-file", "path": "media/plotly/visualization_100_fdbf6efc.plotly.json", "sha256": "fdbf6efc1912d39b4a4ce4a6c4290c4683a3c7c02af2d8db24bb32a51dd201c0", "size": 813200}}
