{"epoch": 99, "_runtime": 262.59324955940247, "_timestamp": 1586371421.8967183, "loss": 0.09034430948288544, "_step": 99}
